Tanggal_Lengkap,Tanggal,Hari,Bulan,Agenda,Kategori,Ada_Kegiatan
2025-04-01,1,Rabu,April,,,Tidak
2025-04-02,2,Kamis,April,,,Tidak
2025-04-03,3,Jumat,April,,,Tidak
2025-04-04,4,Sabtu,April,,,Tidak
2025-04-05,5,Minggu,April,,,Tidak
2025-04-06,6,Senin,April,,,Tidak
2025-04-07,7,Selasa,April,"Rapat Persiapan Qurban Partnership - Rapat BPK & Managemet,  output sudah ada penentuan harga jual qurban",Rapat,Ya
2025-04-08,8,Rabu,April,Proses persiapan pembuatan marketing KIT - Rapat Qurban BPK - Meetng Partnership x Marcom - Survey Vendor Depok,Rapat | Survei Vendor,Ya
2025-04-09,9,Kamis,April,Proses persiapan pembuatan marketing KIT - Survey Vendor Depok,Survei Vendor,Ya
2025-04-10,10,Jumat,April,Target selesai pembuatan marketing KIT - Survey Vendor Depok - Kunjungan ke SDIT Pondok Duta - Meeting dengan Vendor Pemotongan,Kunjungan | Rapat | Survei Vendor,Ya
2025-04-11,11,Sabtu,April,Capacity Building (pemberian reward relawan) - Promo Early Bird,Promo | Capacity Building,Ya
2025-04-12,12,Minggu,April,Nonten Kandang Qurban | Promo Early Bird,Promo,Ya
2025-04-13,13,Senin,April,Olah data target donatur partnership - Promo Early Bird,Promo,Ya
2025-04-14,14,Selasa,April,Olah data target donatur partnership- Fiksasi Harga Vendor hewan qurban Depok - Promo Early Bird,Promo,Ya
2025-04-15,15,Rabu,April,Kunjungan SDN Sukatanni 7 Jam 8 | SDIT Cipta Insani 10:30 | Pembuatan program syafari dongeng Qurban - Promo Early Bird,Kunjungan | Promo,Ya
2025-04-16,16,Kamis,April,Pembuatan program syafari dongeng Qurban - Promo Early Bird,Promo,Ya
2025-04-17,17,Jumat,April,Launching program syafari dongeng Qurban & Program Jual Beli Hewan Qurban- Promo Early Bird,Promo,Ya
2025-04-18,18,Sabtu,April,Promo Early Bird,Promo,Ya
2025-04-19,19,Minggu,April,Agenda Proposal Pelita | Promo Early Bird,Promo,Ya
2025-04-20,20,Senin,April,Halbil Relawan x KZ l Canvasing Partnership ke Sekolah dan Masjid,Canvasing,Ya
2025-04-21,21,Selasa,April,Canvasing Partnership ke Sekolah dan Masjid,Canvasing,Ya
2025-04-22,22,Rabu,April,Kunjungan MIT Madani Cahaya Negeri 09:00 - Kunjungan SDN Beji 4 - Kunjungan SDN Mekarjaya 28 Ba'da Dzuhur -  Canvasing Partnership ke Sekolah dan Masjid,Kunjungan | Canvasing,Ya
2025-04-23,23,Kamis,April,Canvasing Partnership ke Sekolah dan Masjid,Canvasing,Ya
2025-04-24,24,Jumat,April,Kunjungan SDIT Al-Qudwah 10:00 - Canvasing Partnership ke Sekolah dan Masjid,Kunjungan | Canvasing,Ya
2025-04-25,25,Sabtu,April,Parenting SDIT Al Barkah -Event SDIT Al fajri,Parenting,Ya
2025-04-26,26,Minggu,April,Canvasing di CFD Depok - Harga Flash Sale,Canvasing | Promo,Ya
2025-04-27,27,Senin,April,Canvasing Partnership ke Sekolah dan Masjid - Harga Flash Sale,Canvasing | Promo,Ya
2025-04-28,28,Selasa,April,Canvasing Partnership ke Sekolah dan Masjid,Canvasing,Ya
2025-04-29,29,Rabu,April,Canvasing Partnership ke Sekolah dan Masjid,Canvasing,Ya
2025-04-30,30,Kamis,April,Canvasing Partnership ke Sekolah dan Masjid,Canvasing,Ya
2025-05-01,1,Jumat,Mei,Canvasing Partnership ke Sekolah dan Masjid,Canvasing,Ya
2025-05-02,2,Sabtu,Mei,Harga Flash Sale - Pelatihan Pemotongan Hewan Qurban,Promo | Pelatihan,Ya
2025-05-03,3,Minggu,Mei,Canvasing di CFD Depok - Harga Flash Sale,Canvasing | Promo,Ya
2025-05-04,4,Senin,Mei,Canvasing di Ulang Tahun FEB UNJ,Canvasing,Ya
2025-05-05,5,Selasa,Mei,,,Tidak
2025-05-06,6,Rabu,Mei,,,Tidak
2025-05-07,7,Kamis,Mei,,,Tidak
2025-05-08,8,Jumat,Mei,,,Tidak
2025-05-09,9,Sabtu,Mei,Kajian Parenting Qurban,Parenting,Ya
2025-05-10,10,Minggu,Mei,Pelatihan Pemotongan Hewan Qurban,Pelatihan,Ya
2025-05-11,11,Senin,Mei,Safari Dongeng Qurban,Safari Dongeng,Ya
2025-05-12,12,Selasa,Mei,Safari Dongeng Qurban,Safari Dongeng,Ya
2025-05-13,13,Rabu,Mei,Safari Dongeng Qurban,Safari Dongeng,Ya
2025-05-14,14,Kamis,Mei,Safari Dongeng Qurban,Safari Dongeng,Ya
2025-05-15,15,Jumat,Mei,Safari Dongeng Qurban,Safari Dongeng,Ya
2025-05-16,16,Sabtu,Mei,,,Tidak
2025-05-17,17,Minggu,Mei,,,Tidak
2025-05-18,18,Senin,Mei,Safari Dongeng Qurban,Safari Dongeng,Ya
2025-05-19,19,Selasa,Mei,Safari Dongeng Qurban,Safari Dongeng,Ya
2025-05-20,20,Rabu,Mei,Safari Dongeng Qurban,Safari Dongeng,Ya
2025-05-21,21,Kamis,Mei,Safari Dongeng Qurban,Safari Dongeng,Ya
2025-05-22,22,Jumat,Mei,Safari Dongeng Qurban,Safari Dongeng,Ya
2025-05-23,23,Sabtu,Mei,,,Tidak
2025-05-24,24,Minggu,Mei,Canvasing di CFD Depok,Canvasing,Ya
2025-05-25,25,Senin,Mei,,,Tidak
2025-05-26,26,Selasa,Mei,,,Tidak
2025-05-27,27,Rabu,Mei,Idul Adha 1447 H,Idul Adha,Ya
2025-05-28,28,Kamis,Mei,Hari Tasyrik,Hari Tasyrik,Ya
2025-05-29,29,Jumat,Mei,Hari Tasyrik,Hari Tasyrik,Ya
2025-05-30,30,Sabtu,Mei,,,Tidak
2025-05-31,31,Minggu,Mei,,,Tidak
